PDB,Residue #,AA following Asn,attack_distance,Half_life,norm_B_factor_C,norm_B_factor_CA,norm_B_factor_CB,norm_B_factor_CG,secondary_structure,PSA,PSSA,Psi,Phi,Chi1,Chi2,Deamidation
pdb/2m3t_leap.pdb,15,PHE,4.797751307487488,70.1,-0.38653732764999166,-0.38202546572367585,-0.3658499607325225,-0.333930937530395,3,71.00448608398438,63.303375244140625,26.112308385673572,49.76574525504797,-41.90808731309561,161.63749221786227,0
pdb/2m3t_leap.pdb,38,SER,4.471481442451477,19.0,-0.3925851425725,-0.4147604639550307,-0.4071766960363297,-0.4037208017948964,2,12.110064923763275,12.110065668821335,154.9085264513491,-125.56973573950448,-68.84306807863513,-5.7267131992156,0
pdb/2m3t_leap.pdb,54,PHE,4.7697073221206665,100.0,-0.37079380943901746,-0.3883132733018393,-0.38840927036410133,-0.1256173124217732,3,108.24544429779053,91.78624153137207,-4.291520126753493,79.80059029992485,-59.885104227434155,-149.3227021254643,0
pdb/2m3t_leap.pdb,77,ASP,3.016776442527771,32.1,-0.39008921895368703,-0.3477065159649974,-0.3063797806611902,-0.1576323326861628,3,81.39457106590271,69.55490112304688,159.67912671865787,106.9599154589426,-166.43365105304522,36.12585065234334,0
pdb/2m3t_leap.pdb,144,TYR,4.847398400306702,114.0,-0.3940250985064305,-0.3829854363462962,-0.36349803270710257,-0.34276266725850246,3,80.1576018333435,73.734450340271,19.454236567650558,70.89793049043347,-54.40551324880514,-99.37783857452733,0
