PDB,Residue #,AA following Asn,attack_distance,Half_life,norm_B_factor_C,norm_B_factor_CA,norm_B_factor_CB,norm_B_factor_CG,secondary_structure,PSA,PSSA,Psi,Phi,Chi1,Chi2,Deamidation
pdb/1gb1_leap.pdb,8,GLY,4.8167818784713745,1.08,-0.6086164490810898,-0.6524552918750521,-0.6670682394730396,-0.6670682394730396,2,70.31711935997009,63.06244730949402,38.89253830396748,-104.68171269147402,-107.25015068734395,-49.07919854534038,0
pdb/1gb1_leap.pdb,35,ASP,3.9675092697143555,31.9,-0.36019633991530386,-0.3163574971213416,-0.25790570672939195,-0.06793738795555557,1,90.8053457736969,77.74462699890137,-33.260132087943184,-65.76989276347959,-169.94813855085363,65.48393323349868,0
pdb/1gb1_leap.pdb,37,GLY,4.601739346981049,1.53,-0.330970444719329,-0.330970444719329,-0.21406686393542967,-0.3748092875132912,3,66.02149605751038,26.603740453720093,-26.20011217500138,-130.79037717122537,-65.07175180765591,-110.33251260693315,0
