PDB,Residue #,AA following Asn,attack_distance,Half_life,norm_B_factor_C,norm_B_factor_CA,norm_B_factor_CB,norm_B_factor_CG,secondary_structure,PSA,PSSA,Psi,Phi,Chi1,Chi2,Deamidation
pdb/1hk0_leap.pdb,24,LEU,3.822448253631592,181,-0.16077151218496802,-0.03018344353058367,0.26660762159301704,0.4367678322638817,3,57.685744762420654,55.69987893104553,93.24340662431793,-157.6615161585928,177.36021885701643,22.041566866764747,0
pdb/1hk0_leap.pdb,33,SER,4.8954614996910095,19.0,0.3140941920127932,0.22505687247571277,0.3180514062144411,0.4585325103729456,3,18.88844072818756,18.88844072818756,0.05746396897269077,-119.1152342945991,-78.68520674808343,-68.25073358324411,0
pdb/1hk0_leap.pdb,49,TYR,4.898675382137299,114.0,0.06478969730896864,0.0588538760064964,0.27847926419796115,0.6583718275561697,3,107.45923519134521,93.86590719223022,32.94144570655414,63.47995573101693,-59.18531036583133,-62.01028343673777,0
pdb/1hk0_leap.pdb,118,GLU,4.738760888576508,62.4,-0.7108242862140413,-0.7325889643231055,-0.8018402128519456,-0.6890596081049772,3,107.56175518035889,98.6858069896698,-15.603994045717256,-81.05829450350183,-68.90113834695858,-20.906462851242207,0
pdb/1hk0_leap.pdb,124,VAL,3.7686246633529663,294,-0.7978829986502977,-0.8097546412552414,-0.7048884649115693,-0.4397551134011527,2,22.274675965309143,22.274675965309143,118.43683258547676,-124.10418204929485,-166.36018553833256,-8.795363514046004,0
pdb/1hk0_leap.pdb,137,TYR,4.9362218379974365,64.7,-0.2992740092426486,-0.4674556128126889,-0.23793718911710432,0.1676772665518168,3,92.36114025115967,81.44645690917969,34.35406884579076,61.6964567349432,-64.86871077419895,-58.83534513313822,0
pdb/1hk0_leap.pdb,160,ALA,3.5889872908592224,24.6,-0.5980436814670732,-0.4456909347036246,-0.3942471500822005,-0.22804415361298416,3,62.92145252227783,61.328667402267456,174.9398320415957,-152.2752562998774,60.20325443897335,60.990898193680884,0
